Es, ins, 10, 1
Es, ins, 10, 1
Es, ins, 10, 1
Es, ins, 10, 1
Es, ins, 10, 1
Es, ins, 10, 1
Es, ins, 10, 1
Es, ins, 10, 3
Es, ins, 10, 1
Es, ins, 10, 1
Es, pesq, 10, 772
Es, pesq, 10, 789
Es, pesq, 10, 370
Es, pesq, 10, 352
Es, pesq, 10, 527
Es, pesq, 10, 539
Es, pesq, 10, 276
Es, pesq, 10, 444
Es, pesq, 10, 316
Es, pesq, 10, 172
Es, ins, 25, 1
Es, ins, 25, 1
Es, ins, 25, 1
Es, ins, 25, 1
Es, ins, 25, 1
Es, ins, 25, 1
Es, ins, 25, 1
Es, ins, 25, 1
Es, ins, 25, 1
Es, ins, 25, 1
Es, pesq, 25, 847
Es, pesq, 25, 557
Es, pesq, 25, 631
Es, pesq, 25, 393
Es, pesq, 25, 998
Es, pesq, 25, 531
Es, pesq, 25, 203
Es, pesq, 25, 734
Es, pesq, 25, 102
Es, pesq, 25, 691
Es, ins, 75, 1
Es, ins, 75, 9
Es, ins, 75, 2
Es, ins, 75, 25
Es, ins, 75, 2
Es, ins, 75, 12
Es, ins, 75, 15
Es, ins, 75, 5
Es, ins, 75, 3
Es, ins, 75, 2
Es, pesq, 75, 816
Es, pesq, 75, 778
Es, pesq, 75, 774
Es, pesq, 75, 706
Es, pesq, 75, 440
Es, pesq, 75, 238
Es, pesq, 75, 687
Es, pesq, 75, 903
Es, pesq, 75, 270
Es, pesq, 75, 486
Es, ins, 100, 101
Es, ins, 100, 1
Es, ins, 100, 1
Es, ins, 100, 530
Es, ins, 100, 74
Es, ins, 100, 503
Es, ins, 100, 93
Es, ins, 100, 99
Es, ins, 100, 330
Es, ins, 100, 78
Es, pesq, 100, 722
Es, pesq, 100, 499
Es, pesq, 100, 30
Es, pesq, 100, 871
Es, pesq, 100, 505
Es, pesq, 100, 727
Es, pesq, 100, 375
Es, pesq, 100, 292
Es, pesq, 100, 627
Es, pesq, 100, 363
Es, ins, 200, 1
Es, ins, 200, 1
Es, ins, 200, 1
Es, ins, 200, 1
Es, ins, 200, 1
Es, ins, 200, 1
Es, ins, 200, 1
Es, ins, 200, 1
Es, ins, 200, 1
Es, ins, 200, 1
Es, pesq, 200, 801
Es, pesq, 200, 315
Es, pesq, 200, 69
Es, pesq, 200, 164
Es, pesq, 200, 931
Es, pesq, 200, 265
Es, pesq, 200, 193
Es, pesq, 200, 582
Es, pesq, 200, 571
Es, pesq, 200, 652
Es, ins, 10, 2
Es, ins, 10, 1
Es, ins, 10, 1
Es, ins, 10, 1
Es, ins, 10, 1
Es, ins, 10, 1
Es, ins, 10, 1
Es, ins, 10, 1
Es, ins, 10, 1
Es, ins, 10, 1
Es, pesq, 10, 638
Es, pesq, 10, 589
Es, pesq, 10, 631
Es, pesq, 10, 311
Es, pesq, 10, 450
Es, pesq, 10, 901
Es, pesq, 10, 11
Es, pesq, 10, 336
Es, pesq, 10, 287
Es, pesq, 10, 433
Es, ins, 25, 1
Es, ins, 25, 1
Es, ins, 25, 2
Es, ins, 25, 1
Es, ins, 25, 1
Es, ins, 25, 1
Es, ins, 25, 2
Es, ins, 25, 2
Es, ins, 25, 1
Es, ins, 25, 1
Es, pesq, 25, 349
Es, pesq, 25, 760
Es, pesq, 25, 304
Es, pesq, 25, 690
Es, pesq, 25, 368
Es, pesq, 25, 93
Es, pesq, 25, 670
Es, pesq, 25, 884
Es, pesq, 25, 587
Es, pesq, 25, 159
Es, ins, 75, 1
Es, ins, 75, 1
Es, ins, 75, 1
Es, ins, 75, 4
Es, ins, 75, 1
Es, ins, 75, 6
Es, ins, 75, 6
Es, ins, 75, 6
Es, ins, 75, 1
Es, ins, 75, 1
Es, pesq, 75, 694
Es, pesq, 75, 781
Es, pesq, 75, 821
Es, pesq, 75, 713
Es, pesq, 75, 685
Es, pesq, 75, 939
Es, pesq, 75, 94
Es, pesq, 75, 379
Es, pesq, 75, 229
Es, pesq, 75, 1000
Es, ins, 100, 121
Es, ins, 100, 463
Es, ins, 100, 61
Es, ins, 100, 116
Es, ins, 100, 49
Es, ins, 100, 178
Es, ins, 100, 229
Es, ins, 100, 126
Es, ins, 100, 5
Es, ins, 100, 5
Es, pesq, 100, 141
Es, pesq, 100, 661
Es, pesq, 100, 19
Es, pesq, 100, 384
Es, pesq, 100, 778
Es, pesq, 100, 181
Es, pesq, 100, 620
Es, pesq, 100, 758
Es, pesq, 100, 389
Es, pesq, 100, 124
Es, ins, 200, 1
Es, ins, 200, 1
Es, ins, 200, 1
Es, ins, 200, 1
Es, ins, 200, 1
Es, ins, 200, 1
Es, ins, 200, 1
Es, ins, 200, 1
Es, ins, 200, 1
Es, ins, 200, 1
Es, pesq, 200, 297
Es, pesq, 200, 649
Es, pesq, 200, 280
Es, pesq, 200, 774
Es, pesq, 200, 724
Es, pesq, 200, 727
Es, pesq, 200, 793
Es, pesq, 200, 377
Es, pesq, 200, 100
Es, pesq, 200, 646
Es, ins, 10, 1
Es, ins, 10, 1
Es, ins, 10, 2
Es, ins, 10, 1
Es, ins, 10, 2
Es, ins, 10, 1
Es, ins, 10, 1
Es, ins, 10, 1
Es, ins, 10, 1
Es, ins, 10, 1
Es, pesq, 10, 708
Es, pesq, 10, 482
Es, pesq, 10, 677
Es, pesq, 10, 294
Es, pesq, 10, 825
Es, pesq, 10, 683
Es, pesq, 10, 432
Es, pesq, 10, 950
Es, pesq, 10, 439
Es, pesq, 10, 340
Es, ins, 25, 1
Es, ins, 25, 1
Es, ins, 25, 1
Es, ins, 25, 1
Es, ins, 25, 1
Es, ins, 25, 2
Es, ins, 25, 1
Es, ins, 25, 1
Es, ins, 25, 1
Es, ins, 25, 1
Es, pesq, 25, 159
Es, pesq, 25, 717
Es, pesq, 25, 490
Es, pesq, 25, 710
Es, pesq, 25, 497
Es, pesq, 25, 669
Es, pesq, 25, 462
Es, pesq, 25, 625
Es, pesq, 25, 407
Es, pesq, 25, 192
Es, ins, 75, 1
Es, ins, 75, 2
Es, ins, 75, 4
Es, ins, 75, 5
Es, ins, 75, 25
Es, ins, 75, 18
Es, ins, 75, 2
Es, ins, 75, 1
Es, ins, 75, 1
Es, ins, 75, 3
Es, pesq, 75, 895
Es, pesq, 75, 527
Es, pesq, 75, 921
Es, pesq, 75, 695
Es, pesq, 75, 876
Es, pesq, 75, 705
Es, pesq, 75, 632
Es, pesq, 75, 89
Es, pesq, 75, 772
Es, pesq, 75, 193
Es, ins, 100, 540
Es, ins, 100, 40
Es, ins, 100, 41
Es, ins, 100, 777
Es, ins, 100, 583
Es, ins, 100, 278
Es, ins, 100, 738
Es, ins, 100, 227
Es, ins, 100, 561
Es, ins, 100, 15
Es, pesq, 100, 179
Es, pesq, 100, 264
Es, pesq, 100, 373
Es, pesq, 100, 597
Es, pesq, 100, 965
Es, pesq, 100, 371
Es, pesq, 100, 744
Es, pesq, 100, 947
Es, pesq, 100, 467
Es, pesq, 100, 2
Es, ins, 200, 1
Es, ins, 200, 1
Es, ins, 200, 1
Es, ins, 200, 1
Es, ins, 200, 1
Es, ins, 200, 1
Es, ins, 200, 1
Es, ins, 200, 1
Es, ins, 200, 1
Es, ins, 200, 1
Es, pesq, 200, 719
Es, pesq, 200, 1000
Es, pesq, 200, 423
Es, pesq, 200, 1
Es, pesq, 200, 287
Es, pesq, 200, 867
Es, pesq, 200, 2
Es, pesq, 200, 551
Es, pesq, 200, 977
Es, pesq, 200, 276
Es, ins, 10, 1
Es, ins, 10, 1
Es, ins, 10, 1
Es, ins, 10, 1
Es, ins, 10, 1
Es, ins, 10, 2
Es, ins, 10, 1
Es, ins, 10, 1
Es, ins, 10, 1
Es, ins, 10, 1
Es, pesq, 10, 446
Es, pesq, 10, 934
Es, pesq, 10, 741
Es, pesq, 10, 837
Es, pesq, 10, 418
Es, pesq, 10, 885
Es, pesq, 10, 538
Es, pesq, 10, 287
Es, pesq, 10, 237
Es, pesq, 10, 895
Es, ins, 25, 3
Es, ins, 25, 1
Es, ins, 25, 1
Es, ins, 25, 1
Es, ins, 25, 1
Es, ins, 25, 1
Es, ins, 25, 1
Es, ins, 25, 1
Es, ins, 25, 1
Es, ins, 25, 1
Es, pesq, 25, 509
Es, pesq, 25, 964
Es, pesq, 25, 191
Es, pesq, 25, 453
Es, pesq, 25, 384
Es, pesq, 25, 723
Es, pesq, 25, 811
Es, pesq, 25, 960
Es, pesq, 25, 563
Es, pesq, 25, 255
Es, ins, 75, 9
Es, ins, 75, 10
Es, ins, 75, 11
Es, ins, 75, 2
Es, ins, 75, 20
Es, ins, 75, 1
Es, ins, 75, 5
Es, ins, 75, 1
Es, ins, 75, 4
Es, ins, 75, 1
Es, pesq, 75, 884
Es, pesq, 75, 781
Es, pesq, 75, 306
Es, pesq, 75, 421
Es, pesq, 75, 317
Es, pesq, 75, 769
Es, pesq, 75, 532
Es, pesq, 75, 32
Es, pesq, 75, 899
Es, pesq, 75, 7
Es, ins, 100, 2
Es, ins, 100, 1
Es, ins, 100, 7
Es, ins, 100, 134
Es, ins, 100, 18
Es, ins, 100, 98
Es, ins, 100, 47
Es, ins, 100, 7
Es, ins, 100, 377
Es, ins, 100, 559
Es, pesq, 100, 834
Es, pesq, 100, 77
Es, pesq, 100, 860
Es, pesq, 100, 509
Es, pesq, 100, 65
Es, pesq, 100, 834
Es, pesq, 100, 977
Es, pesq, 100, 625
Es, pesq, 100, 94
Es, pesq, 100, 424
Es, ins, 200, 1
Es, ins, 200, 1
Es, ins, 200, 1
Es, ins, 200, 1
Es, ins, 200, 1
Es, ins, 200, 1
Es, ins, 200, 1
Es, ins, 200, 1
Es, ins, 200, 1
Es, ins, 200, 1
Es, pesq, 200, 603
Es, pesq, 200, 601
Es, pesq, 200, 32
Es, pesq, 200, 1
Es, pesq, 200, 157
Es, pesq, 200, 222
Es, pesq, 200, 358
Es, pesq, 200, 871
Es, pesq, 200, 739
Es, pesq, 200, 543
Es, ins, 10, 1
Es, ins, 10, 1
Es, ins, 10, 1
Es, ins, 10, 1
Es, ins, 10, 1
Es, ins, 10, 1
Es, ins, 10, 1
Es, ins, 10, 1
Es, ins, 10, 1
Es, ins, 10, 1
Es, pesq, 10, 855
Es, pesq, 10, 636
Es, pesq, 10, 457
Es, pesq, 10, 788
Es, pesq, 10, 864
Es, pesq, 10, 767
Es, pesq, 10, 88
Es, pesq, 10, 989
Es, pesq, 10, 631
Es, pesq, 10, 103
Es, ins, 25, 1
Es, ins, 25, 1
Es, ins, 25, 1
Es, ins, 25, 1
Es, ins, 25, 1
Es, ins, 25, 2
Es, ins, 25, 1
Es, ins, 25, 1
Es, ins, 25, 1
Es, ins, 25, 1
Es, pesq, 25, 614
Es, pesq, 25, 353
Es, pesq, 25, 599
Es, pesq, 25, 150
Es, pesq, 25, 203
Es, pesq, 25, 352
Es, pesq, 25, 753
Es, pesq, 25, 890
Es, pesq, 25, 833
Es, pesq, 25, 2
Es, ins, 75, 10
Es, ins, 75, 22
Es, ins, 75, 5
Es, ins, 75, 5
Es, ins, 75, 3
Es, ins, 75, 13
Es, ins, 75, 10
Es, ins, 75, 8
Es, ins, 75, 31
Es, ins, 75, 34
Es, pesq, 75, 781
Es, pesq, 75, 954
Es, pesq, 75, 317
Es, pesq, 75, 324
Es, pesq, 75, 862
Es, pesq, 75, 859
Es, pesq, 75, 381
Es, pesq, 75, 325
Es, pesq, 75, 596
Es, pesq, 75, 815
Es, ins, 100, 492
Es, ins, 100, 52
Es, ins, 100, 550
Es, ins, 100, 54
Es, ins, 100, 1
Es, ins, 100, 126
Es, ins, 100, 2
Es, ins, 100, 590
Es, ins, 100, 60
Es, ins, 100, 63
Es, pesq, 100, 851
Es, pesq, 100, 231
Es, pesq, 100, 467
Es, pesq, 100, 829
Es, pesq, 100, 856
Es, pesq, 100, 775
Es, pesq, 100, 997
Es, pesq, 100, 913
Es, pesq, 100, 155
Es, pesq, 100, 5
Es, ins, 200, 1
Es, ins, 200, 1
Es, ins, 200, 1
Es, ins, 200, 1
Es, ins, 200, 1
Es, ins, 200, 1
Es, ins, 200, 1
Es, ins, 200, 1
Es, ins, 200, 1
Es, ins, 200, 1
Es, pesq, 200, 769
Es, pesq, 200, 941
Es, pesq, 200, 8
Es, pesq, 200, 956
Es, pesq, 200, 913
Es, pesq, 200, 597
Es, pesq, 200, 227
Es, pesq, 200, 18
Es, pesq, 200, 124
Es, pesq, 200, 439
Es, ins, 10, 1
Es, ins, 10, 1
Es, ins, 10, 1
Es, ins, 10, 1
Es, ins, 10, 1
Es, ins, 10, 1
Es, ins, 10, 1
Es, ins, 10, 1
Es, ins, 10, 1
Es, ins, 10, 1
Es, pesq, 10, 155
Es, pesq, 10, 315
Es, pesq, 10, 876
Es, pesq, 10, 1001
Es, pesq, 10, 104
Es, pesq, 10, 332
Es, pesq, 10, 868
Es, pesq, 10, 633
Es, pesq, 10, 353
Es, pesq, 10, 975
Es, ins, 25, 1
Es, ins, 25, 1
Es, ins, 25, 2
Es, ins, 25, 2
Es, ins, 25, 1
Es, ins, 25, 1
Es, ins, 25, 1
Es, ins, 25, 1
Es, ins, 25, 1
Es, ins, 25, 1
Es, pesq, 25, 355
Es, pesq, 25, 445
Es, pesq, 25, 744
Es, pesq, 25, 385
Es, pesq, 25, 721
Es, pesq, 25, 84
Es, pesq, 25, 384
Es, pesq, 25, 201
Es, pesq, 25, 480
Es, pesq, 25, 828
Es, ins, 75, 17
Es, ins, 75, 2
Es, ins, 75, 34
Es, ins, 75, 1
Es, ins, 75, 10
Es, ins, 75, 13
Es, ins, 75, 1
Es, ins, 75, 2
Es, ins, 75, 6
Es, ins, 75, 4
Es, pesq, 75, 17
Es, pesq, 75, 40
Es, pesq, 75, 580
Es, pesq, 75, 538
Es, pesq, 75, 434
Es, pesq, 75, 988
Es, pesq, 75, 934
Es, pesq, 75, 412
Es, pesq, 75, 841
Es, pesq, 75, 622
Es, ins, 100, 1
Es, ins, 100, 635
Es, ins, 100, 11
Es, ins, 100, 563
Es, ins, 100, 1
Es, ins, 100, 128
Es, ins, 100, 463
Es, ins, 100, 19
Es, ins, 100, 13
Es, ins, 100, 42
Es, pesq, 100, 397
Es, pesq, 100, 216
Es, pesq, 100, 735
Es, pesq, 100, 542
Es, pesq, 100, 992
Es, pesq, 100, 535
Es, pesq, 100, 329
Es, pesq, 100, 123
Es, pesq, 100, 716
Es, pesq, 100, 332
Es, ins, 200, 1
Es, ins, 200, 1
Es, ins, 200, 1
Es, ins, 200, 1
Es, ins, 200, 1
Es, ins, 200, 1
Es, ins, 200, 1
Es, ins, 200, 1
Es, ins, 200, 1
Es, ins, 200, 1
Es, pesq, 200, 931
Es, pesq, 200, 751
Es, pesq, 200, 504
Es, pesq, 200, 272
Es, pesq, 200, 574
Es, pesq, 200, 654
Es, pesq, 200, 878
Es, pesq, 200, 845
Es, pesq, 200, 497
Es, pesq, 200, 706
Es, ins, 10, 1
Es, ins, 10, 1
Es, ins, 10, 1
Es, ins, 10, 1
Es, ins, 10, 1
Es, ins, 10, 1
Es, ins, 10, 1
Es, ins, 10, 1
Es, ins, 10, 2
Es, ins, 10, 1
Es, pesq, 10, 717
Es, pesq, 10, 482
Es, pesq, 10, 838
Es, pesq, 10, 532
Es, pesq, 10, 872
Es, pesq, 10, 624
Es, pesq, 10, 355
Es, pesq, 10, 422
Es, pesq, 10, 758
Es, pesq, 10, 350
Es, ins, 25, 1
Es, ins, 25, 1
Es, ins, 25, 1
Es, ins, 25, 5
Es, ins, 25, 1
Es, ins, 25, 2
Es, ins, 25, 1
Es, ins, 25, 1
Es, ins, 25, 1
Es, ins, 25, 2
Es, pesq, 25, 552
Es, pesq, 25, 295
Es, pesq, 25, 157
Es, pesq, 25, 715
Es, pesq, 25, 910
Es, pesq, 25, 283
Es, pesq, 25, 184
Es, pesq, 25, 201
Es, pesq, 25, 898
Es, pesq, 25, 473
Es, ins, 75, 1
Es, ins, 75, 4
Es, ins, 75, 4
Es, ins, 75, 1
Es, ins, 75, 3
Es, ins, 75, 4
Es, ins, 75, 5
Es, ins, 75, 6
Es, ins, 75, 4
Es, ins, 75, 24
Es, pesq, 75, 169
Es, pesq, 75, 537
Es, pesq, 75, 878
Es, pesq, 75, 389
Es, pesq, 75, 468
Es, pesq, 75, 654
Es, pesq, 75, 285
Es, pesq, 75, 13
Es, pesq, 75, 164
Es, pesq, 75, 102
Es, ins, 100, 90
Es, ins, 100, 308
Es, ins, 100, 313
Es, ins, 100, 523
Es, ins, 100, 2
Es, ins, 100, 642
Es, ins, 100, 21
Es, ins, 100, 15
Es, ins, 100, 397
Es, ins, 100, 382
Es, pesq, 100, 881
Es, pesq, 100, 665
Es, pesq, 100, 7
Es, pesq, 100, 940
Es, pesq, 100, 707
Es, pesq, 100, 483
Es, pesq, 100, 670
Es, pesq, 100, 88
Es, pesq, 100, 566
Es, pesq, 100, 631
Es, ins, 200, 1
Es, ins, 200, 1
Es, ins, 200, 1
Es, ins, 200, 1
Es, ins, 200, 1
Es, ins, 200, 1
Es, ins, 200, 1
Es, ins, 200, 1
Es, ins, 200, 1
Es, ins, 200, 1
Es, pesq, 200, 930
Es, pesq, 200, 463
Es, pesq, 200, 357
Es, pesq, 200, 876
Es, pesq, 200, 608
Es, pesq, 200, 10
Es, pesq, 200, 326
Es, pesq, 200, 170
Es, pesq, 200, 479
Es, pesq, 200, 299
Es, ins, 10, 1
Es, ins, 10, 1
Es, ins, 10, 1
Es, ins, 10, 1
Es, ins, 10, 1
Es, ins, 10, 2
Es, ins, 10, 1
Es, ins, 10, 1
Es, ins, 10, 1
Es, ins, 10, 1
Es, pesq, 10, 125
Es, pesq, 10, 445
Es, pesq, 10, 167
Es, pesq, 10, 328
Es, pesq, 10, 452
Es, pesq, 10, 100
Es, pesq, 10, 615
Es, pesq, 10, 57
Es, pesq, 10, 8
Es, pesq, 10, 957
Es, ins, 25, 1
Es, ins, 25, 1
Es, ins, 25, 1
Es, ins, 25, 1
Es, ins, 25, 1
Es, ins, 25, 1
Es, ins, 25, 1
Es, ins, 25, 1
Es, ins, 25, 1
Es, ins, 25, 1
Es, pesq, 25, 968
Es, pesq, 25, 807
Es, pesq, 25, 141
Es, pesq, 25, 73
Es, pesq, 25, 680
Es, pesq, 25, 786
Es, pesq, 25, 72
Es, pesq, 25, 577
Es, pesq, 25, 365
Es, pesq, 25, 996
Es, ins, 75, 2
Es, ins, 75, 1
Es, ins, 75, 23
Es, ins, 75, 1
Es, ins, 75, 8
Es, ins, 75, 5
Es, ins, 75, 6
Es, ins, 75, 1
Es, ins, 75, 2
Es, ins, 75, 1
Es, pesq, 75, 255
Es, pesq, 75, 335
Es, pesq, 75, 21
Es, pesq, 75, 191
Es, pesq, 75, 627
Es, pesq, 75, 966
Es, pesq, 75, 217
Es, pesq, 75, 943
Es, pesq, 75, 249
Es, pesq, 75, 445
Es, ins, 100, 54
Es, ins, 100, 1
Es, ins, 100, 51
Es, ins, 100, 29
Es, ins, 100, 68
Es, ins, 100, 31
Es, ins, 100, 1
Es, ins, 100, 12
Es, ins, 100, 116
Es, ins, 100, 163
Es, pesq, 100, 656
Es, pesq, 100, 178
Es, pesq, 100, 431
Es, pesq, 100, 1
Es, pesq, 100, 404
Es, pesq, 100, 537
Es, pesq, 100, 248
Es, pesq, 100, 305
Es, pesq, 100, 711
Es, pesq, 100, 713
Es, ins, 200, 1
Es, ins, 200, 1
Es, ins, 200, 1
Es, ins, 200, 1
Es, ins, 200, 1
Es, ins, 200, 1
Es, ins, 200, 1
Es, ins, 200, 1
Es, ins, 200, 1
Es, ins, 200, 1
Es, pesq, 200, 164
Es, pesq, 200, 212
Es, pesq, 200, 939
Es, pesq, 200, 242
Es, pesq, 200, 141
Es, pesq, 200, 256
Es, pesq, 200, 674
Es, pesq, 200, 535
Es, pesq, 200, 363
Es, pesq, 200, 764
Es, ins, 10, 1
Es, ins, 10, 1
Es, ins, 10, 1
Es, ins, 10, 1
Es, ins, 10, 1
Es, ins, 10, 1
Es, ins, 10, 1
Es, ins, 10, 2
Es, ins, 10, 1
Es, ins, 10, 1
Es, pesq, 10, 1
Es, pesq, 10, 1
Es, pesq, 10, 1
Es, pesq, 10, 1
Es, pesq, 10, 1
Es, pesq, 10, 1
Es, pesq, 10, 1
Es, pesq, 10, 1
Es, pesq, 10, 1
Es, pesq, 10, 1
Es, ins, 25, 2
Es, ins, 25, 1
Es, ins, 25, 1
Es, ins, 25, 1
Es, ins, 25, 2
Es, ins, 25, 2
Es, ins, 25, 1
Es, ins, 25, 1
Es, ins, 25, 2
Es, ins, 25, 1
Es, pesq, 25, 1
Es, pesq, 25, 1
Es, pesq, 25, 808
Es, pesq, 25, 1
Es, pesq, 25, 1
Es, pesq, 25, 1
Es, pesq, 25, 1
Es, pesq, 25, 1
Es, pesq, 25, 1
Es, pesq, 25, 1
Es, ins, 75, 1
Es, ins, 75, 1
Es, ins, 75, 2
Es, ins, 75, 6
Es, ins, 75, 1
Es, ins, 75, 2
Es, ins, 75, 8
Es, ins, 75, 2
Es, ins, 75, 7
Es, ins, 75, 1
Es, pesq, 75, 757
Es, pesq, 75, 941
Es, pesq, 75, 300
Es, pesq, 75, 1
Es, pesq, 75, 446
Es, pesq, 75, 887
Es, pesq, 75, 476
Es, pesq, 75, 767
Es, pesq, 75, 908
Es, pesq, 75, 280
Es, ins, 100, 154
Es, ins, 100, 165
Es, ins, 100, 12
Es, ins, 100, 58
Es, ins, 100, 381
Es, ins, 100, 122
Es, ins, 100, 268
Es, ins, 100, 8
Es, ins, 100, 121
Es, ins, 100, 144
Es, pesq, 100, 336
Es, pesq, 100, 71
Es, pesq, 100, 823
Es, pesq, 100, 9
Es, pesq, 100, 1
Es, pesq, 100, 1
Es, pesq, 100, 1
Es, pesq, 100, 122
Es, pesq, 100, 634
Es, pesq, 100, 436
Es, ins, 200, 1
Es, ins, 200, 1
Es, ins, 200, 1
Es, ins, 200, 1
Es, ins, 200, 1
Es, ins, 200, 1
Es, ins, 200, 1
Es, ins, 200, 1
Es, ins, 200, 1
Es, ins, 200, 1
Es, pesq, 200, 918
Es, pesq, 200, 538
Es, pesq, 200, 666
Es, pesq, 200, 17
Es, pesq, 200, 41
Es, pesq, 200, 265
Es, pesq, 200, 197
Es, pesq, 200, 953
Es, pesq, 200, 267
Es, pesq, 200, 423
Es, ins, 10, 1
Es, ins, 10, 2
Es, ins, 10, 1
Es, ins, 10, 1
Es, ins, 10, 1
Es, ins, 10, 1
Es, ins, 10, 1
Es, ins, 10, 1
Es, ins, 10, 1
Es, ins, 10, 1
Es, pesq, 10, 1
Es, pesq, 10, 1
Es, pesq, 10, 1
Es, pesq, 10, 1
Es, pesq, 10, 1
Es, pesq, 10, 1
Es, pesq, 10, 1
Es, pesq, 10, 1
Es, pesq, 10, 1
Es, pesq, 10, 1
Es, ins, 25, 1
Es, ins, 25, 2
Es, ins, 25, 1
Es, ins, 25, 1
Es, ins, 25, 1
Es, ins, 25, 1
Es, ins, 25, 1
Es, ins, 25, 2
Es, ins, 25, 1
Es, ins, 25, 1
Es, pesq, 25, 1
Es, pesq, 25, 1
Es, pesq, 25, 4
Es, pesq, 25, 1
Es, pesq, 25, 1
Es, pesq, 25, 1
Es, pesq, 25, 1
Es, pesq, 25, 1
Es, pesq, 25, 2
Es, pesq, 25, 1
Es, ins, 75, 2
Es, ins, 75, 3
Es, ins, 75, 12
Es, ins, 75, 5
Es, ins, 75, 5
Es, ins, 75, 1
Es, ins, 75, 1
Es, ins, 75, 6
Es, ins, 75, 4
Es, ins, 75, 8
Es, pesq, 75, 6
Es, pesq, 75, 12
Es, pesq, 75, 1
Es, pesq, 75, 17
Es, pesq, 75, 1
Es, pesq, 75, 8
Es, pesq, 75, 9
Es, pesq, 75, 3
Es, pesq, 75, 1
Es, pesq, 75, 1
Es, ins, 100, 177
Es, ins, 100, 3
Es, ins, 100, 193
Es, ins, 100, 252
Es, ins, 100, 170
Es, ins, 100, 3
Es, ins, 100, 288
Es, ins, 100, 385
Es, ins, 100, 243
Es, ins, 100, 209
Es, pesq, 100, 174
Es, pesq, 100, 141
Es, pesq, 100, 394
Es, pesq, 100, 310
Es, pesq, 100, 108
Es, pesq, 100, 1
Es, pesq, 100, 283
Es, pesq, 100, 409
Es, pesq, 100, 13
Es, pesq, 100, 2
Es, ins, 200, 1
Es, ins, 200, 1
Es, ins, 200, 1
Es, ins, 200, 1
Es, ins, 200, 1
Es, ins, 200, 1
Es, ins, 200, 1
Es, ins, 200, 1
Es, ins, 200, 1
Es, ins, 200, 1
Es, pesq, 200, 312
Es, pesq, 200, 2
Es, pesq, 200, 281
Es, pesq, 200, 406
Es, pesq, 200, 348
Es, pesq, 200, 403
Es, pesq, 200, 389
Es, pesq, 200, 137
Es, pesq, 200, 79
Es, pesq, 200, 5
Es, ins, 10, 1
Es, ins, 10, 1
Es, ins, 10, 1
Es, ins, 10, 1
Es, ins, 10, 1
Es, ins, 10, 1
Es, ins, 10, 1
Es, ins, 10, 1
Es, ins, 10, 1
Es, ins, 10, 1
Es, pesq, 10, 1
Es, pesq, 10, 1
Es, pesq, 10, 1
Es, pesq, 10, 1
Es, pesq, 10, 1
Es, pesq, 10, 1
Es, pesq, 10, 1
Es, pesq, 10, 1
Es, pesq, 10, 1
Es, pesq, 10, 1
Es, ins, 25, 1
Es, ins, 25, 1
Es, ins, 25, 1
Es, ins, 25, 1
Es, ins, 25, 1
Es, ins, 25, 1
Es, ins, 25, 1
Es, ins, 25, 1
Es, ins, 25, 1
Es, ins, 25, 1
Es, pesq, 25, 1
Es, pesq, 25, 1
Es, pesq, 25, 4
Es, pesq, 25, 2
Es, pesq, 25, 1
Es, pesq, 25, 1
Es, pesq, 25, 1
Es, pesq, 25, 1
Es, pesq, 25, 2
Es, pesq, 25, 1
Es, ins, 75, 3
Es, ins, 75, 3
Es, ins, 75, 11
Es, ins, 75, 1
Es, ins, 75, 4
Es, ins, 75, 5
Es, ins, 75, 26
Es, ins, 75, 5
Es, ins, 75, 1
Es, ins, 75, 1
Es, pesq, 75, 1
Es, pesq, 75, 3
Es, pesq, 75, 1
Es, pesq, 75, 1
Es, pesq, 75, 7
Es, pesq, 75, 19
Es, pesq, 75, 4
Es, pesq, 75, 12
Es, pesq, 75, 1
Es, pesq, 75, 1
Es, ins, 100, 189
Es, ins, 100, 111
Es, ins, 100, 237
Es, ins, 100, 27
Es, ins, 100, 30
Es, ins, 100, 8
Es, ins, 100, 41
Es, ins, 100, 7
Es, ins, 100, 385
Es, ins, 100, 294
Es, pesq, 100, 141
Es, pesq, 100, 36
Es, pesq, 100, 403
Es, pesq, 100, 24
Es, pesq, 100, 224
Es, pesq, 100, 456
Es, pesq, 100, 79
Es, pesq, 100, 21
Es, pesq, 100, 15
Es, pesq, 100, 106
Es, ins, 200, 1
Es, ins, 200, 1
Es, ins, 200, 1
Es, ins, 200, 1
Es, ins, 200, 1
Es, ins, 200, 1
Es, ins, 200, 1
Es, ins, 200, 1
Es, ins, 200, 1
Es, ins, 200, 1
Es, pesq, 200, 18
Es, pesq, 200, 489
Es, pesq, 200, 24
Es, pesq, 200, 51
Es, pesq, 200, 546
Es, pesq, 200, 453
Es, pesq, 200, 5
Es, pesq, 200, 51
Es, pesq, 200, 138
Es, pesq, 200, 49
Es, ins, 10, 1
Es, ins, 10, 1
Es, ins, 10, 1
Es, ins, 10, 1
Es, ins, 10, 1
Es, ins, 10, 1
Es, ins, 10, 1
Es, ins, 10, 1
Es, ins, 10, 1
Es, ins, 10, 1
Es, pesq, 10, 1
Es, pesq, 10, 1
Es, pesq, 10, 1
Es, pesq, 10, 2
Es, pesq, 10, 1
Es, pesq, 10, 1
Es, pesq, 10, 2
Es, pesq, 10, 1
Es, pesq, 10, 3
Es, pesq, 10, 1
Es, ins, 25, 1
Es, ins, 25, 1
Es, ins, 25, 1
Es, ins, 25, 1
Es, ins, 25, 1
Es, ins, 25, 2
Es, ins, 25, 1
Es, ins, 25, 1
Es, ins, 25, 1
Es, ins, 25, 1
Es, pesq, 25, 3
Es, pesq, 25, 3
Es, pesq, 25, 1
Es, pesq, 25, 1
Es, pesq, 25, 1
Es, pesq, 25, 1
Es, pesq, 25, 2
Es, pesq, 25, 1
Es, pesq, 25, 2
Es, pesq, 25, 1
Es, ins, 75, 23
Es, ins, 75, 1
Es, ins, 75, 6
Es, ins, 75, 1
Es, ins, 75, 4
Es, ins, 75, 3
Es, ins, 75, 33
Es, ins, 75, 33
Es, ins, 75, 1
Es, ins, 75, 21
Es, pesq, 75, 8
Es, pesq, 75, 5
Es, pesq, 75, 32
Es, pesq, 75, 4
Es, pesq, 75, 2
Es, pesq, 75, 2
Es, pesq, 75, 1
Es, pesq, 75, 1
Es, pesq, 75, 1
Es, pesq, 75, 5
Es, ins, 100, 56
Es, ins, 100, 188
Es, ins, 100, 90
Es, ins, 100, 1
Es, ins, 100, 29
Es, ins, 100, 268
Es, ins, 100, 5
Es, ins, 100, 428
Es, ins, 100, 45
Es, ins, 100, 230
Es, pesq, 100, 1
Es, pesq, 100, 2
Es, pesq, 100, 111
Es, pesq, 100, 21
Es, pesq, 100, 2
Es, pesq, 100, 3
Es, pesq, 100, 353
Es, pesq, 100, 64
Es, pesq, 100, 49
Es, pesq, 100, 23
Es, ins, 200, 1
Es, ins, 200, 1
Es, ins, 200, 1
Es, ins, 200, 1
Es, ins, 200, 1
Es, ins, 200, 1
Es, ins, 200, 1
Es, ins, 200, 1
Es, ins, 200, 1
Es, ins, 200, 1
Es, pesq, 200, 430
Es, pesq, 200, 117
Es, pesq, 200, 87
Es, pesq, 200, 298
Es, pesq, 200, 282
Es, pesq, 200, 215
Es, pesq, 200, 461
Es, pesq, 200, 349
Es, pesq, 200, 607
Es, pesq, 200, 606
Es, ins, 10, 1
Es, ins, 10, 1
Es, ins, 10, 1
Es, ins, 10, 1
Es, ins, 10, 1
Es, ins, 10, 1
Es, ins, 10, 1
Es, ins, 10, 1
Es, ins, 10, 1
Es, ins, 10, 1
Es, pesq, 10, 1
Es, pesq, 10, 1
Es, pesq, 10, 1
Es, pesq, 10, 1
Es, pesq, 10, 1
Es, pesq, 10, 1
Es, pesq, 10, 1
Es, pesq, 10, 1
Es, pesq, 10, 2
Es, pesq, 10, 1
Es, ins, 25, 1
Es, ins, 25, 2
Es, ins, 25, 1
Es, ins, 25, 1
Es, ins, 25, 1
Es, ins, 25, 1
Es, ins, 25, 1
Es, ins, 25, 1
Es, ins, 25, 2
Es, ins, 25, 1
Es, pesq, 25, 2
Es, pesq, 25, 1
Es, pesq, 25, 4
Es, pesq, 25, 1
Es, pesq, 25, 1
Es, pesq, 25, 1
Es, pesq, 25, 1
Es, pesq, 25, 1
Es, pesq, 25, 1
Es, pesq, 25, 1
Es, ins, 75, 1
Es, ins, 75, 8
Es, ins, 75, 14
Es, ins, 75, 1
Es, ins, 75, 9
Es, ins, 75, 1
Es, ins, 75, 3
Es, ins, 75, 4
Es, ins, 75, 10
Es, ins, 75, 3
Es, pesq, 75, 7
Es, pesq, 75, 13
Es, pesq, 75, 2
Es, pesq, 75, 8
Es, pesq, 75, 14
Es, pesq, 75, 3
Es, pesq, 75, 3
Es, pesq, 75, 1
Es, pesq, 75, 3
Es, pesq, 75, 4
Es, ins, 100, 300
Es, ins, 100, 507
Es, ins, 100, 2
Es, ins, 100, 57
Es, ins, 100, 67
Es, ins, 100, 497
Es, ins, 100, 439
Es, ins, 100, 56
Es, ins, 100, 313
Es, ins, 100, 6
Es, pesq, 100, 1
Es, pesq, 100, 1
Es, pesq, 100, 18
Es, pesq, 100, 54
Es, pesq, 100, 86
Es, pesq, 100, 646
Es, pesq, 100, 285
Es, pesq, 100, 89
Es, pesq, 100, 222
Es, pesq, 100, 577
Es, ins, 200, 1
Es, ins, 200, 1
Es, ins, 200, 1
Es, ins, 200, 1
Es, ins, 200, 1
Es, ins, 200, 1
Es, ins, 200, 1
Es, ins, 200, 1
Es, ins, 200, 1
Es, ins, 200, 1
Es, pesq, 200, 8
Es, pesq, 200, 726
Es, pesq, 200, 499
Es, pesq, 200, 857
Es, pesq, 200, 523
Es, pesq, 200, 594
Es, pesq, 200, 11
Es, pesq, 200, 149
Es, pesq, 200, 126
Es, pesq, 200, 591
Es, ins, 10, 1
Es, ins, 10, 1
Es, ins, 10, 1
Es, ins, 10, 2
Es, ins, 10, 1
Es, ins, 10, 1
Es, ins, 10, 1
Es, ins, 10, 1
Es, ins, 10, 2
Es, ins, 10, 1
Es, pesq, 10, 1
Es, pesq, 10, 1
Es, pesq, 10, 2
Es, pesq, 10, 1
Es, pesq, 10, 1
Es, pesq, 10, 2
Es, pesq, 10, 1
Es, pesq, 10, 2
Es, pesq, 10, 1
Es, pesq, 10, 1
Es, ins, 25, 1
Es, ins, 25, 1
Es, ins, 25, 3
Es, ins, 25, 2
Es, ins, 25, 1
Es, ins, 25, 1
Es, ins, 25, 1
Es, ins, 25, 1
Es, ins, 25, 1
Es, ins, 25, 1
Es, pesq, 25, 1
Es, pesq, 25, 1
Es, pesq, 25, 1
Es, pesq, 25, 1
Es, pesq, 25, 1
Es, pesq, 25, 3
Es, pesq, 25, 1
Es, pesq, 25, 1
Es, pesq, 25, 1
Es, pesq, 25, 1
Es, ins, 75, 15
Es, ins, 75, 2
Es, ins, 75, 1
Es, ins, 75, 4
Es, ins, 75, 17
Es, ins, 75, 1
Es, ins, 75, 1
Es, ins, 75, 3
Es, ins, 75, 1
Es, ins, 75, 9
Es, pesq, 75, 5
Es, pesq, 75, 6
Es, pesq, 75, 10
Es, pesq, 75, 8
Es, pesq, 75, 2
Es, pesq, 75, 2
Es, pesq, 75, 6
Es, pesq, 75, 1
Es, pesq, 75, 9
Es, pesq, 75, 4
Es, ins, 100, 86
Es, ins, 100, 550
Es, ins, 100, 426
Es, ins, 100, 594
Es, ins, 100, 54
Es, ins, 100, 543
Es, ins, 100, 411
Es, ins, 100, 328
Es, ins, 100, 396
Es, ins, 100, 767
Es, pesq, 100, 445
Es, pesq, 100, 1
Es, pesq, 100, 326
Es, pesq, 100, 122
Es, pesq, 100, 481
Es, pesq, 100, 706
Es, pesq, 100, 631
Es, pesq, 100, 874
Es, pesq, 100, 183
Es, pesq, 100, 9
Es, ins, 200, 1
Es, ins, 200, 1
Es, ins, 200, 1
Es, ins, 200, 1
Es, ins, 200, 1
Es, ins, 200, 1
Es, ins, 200, 1
Es, ins, 200, 1
Es, ins, 200, 1
Es, ins, 200, 1
Es, pesq, 200, 58
Es, pesq, 200, 496
Es, pesq, 200, 728
Es, pesq, 200, 496
Es, pesq, 200, 335
Es, pesq, 200, 487
Es, pesq, 200, 421
Es, pesq, 200, 543
Es, pesq, 200, 678
Es, pesq, 200, 821
Es, ins, 10, 1
Es, ins, 10, 1
Es, ins, 10, 1
Es, ins, 10, 1
Es, ins, 10, 1
Es, ins, 10, 1
Es, ins, 10, 1
Es, ins, 10, 1
Es, ins, 10, 1
Es, ins, 10, 1
Es, pesq, 10, 2
Es, pesq, 10, 1
Es, pesq, 10, 1
Es, pesq, 10, 1
Es, pesq, 10, 1
Es, pesq, 10, 2
Es, pesq, 10, 3
Es, pesq, 10, 1
Es, pesq, 10, 1
Es, pesq, 10, 2
Es, ins, 25, 1
Es, ins, 25, 1
Es, ins, 25, 2
Es, ins, 25, 1
Es, ins, 25, 1
Es, ins, 25, 1
Es, ins, 25, 1
Es, ins, 25, 1
Es, ins, 25, 1
Es, ins, 25, 1
Es, pesq, 25, 1
Es, pesq, 25, 1
Es, pesq, 25, 1
Es, pesq, 25, 1
Es, pesq, 25, 1
Es, pesq, 25, 2
Es, pesq, 25, 1
Es, pesq, 25, 1
Es, pesq, 25, 1
Es, pesq, 25, 2
Es, ins, 75, 9
Es, ins, 75, 1
Es, ins, 75, 4
Es, ins, 75, 3
Es, ins, 75, 1
Es, ins, 75, 1
Es, ins, 75, 10
Es, ins, 75, 5
Es, ins, 75, 10
Es, ins, 75, 7
Es, pesq, 75, 3
Es, pesq, 75, 1
Es, pesq, 75, 1
Es, pesq, 75, 13
Es, pesq, 75, 7
Es, pesq, 75, 30
Es, pesq, 75, 13
Es, pesq, 75, 2
Es, pesq, 75, 7
Es, pesq, 75, 28
Es, ins, 100, 2
Es, ins, 100, 36
Es, ins, 100, 9
Es, ins, 100, 431
Es, ins, 100, 471
Es, ins, 100, 621
Es, ins, 100, 609
Es, ins, 100, 11
Es, ins, 100, 433
Es, ins, 100, 484
Es, pesq, 100, 342
Es, pesq, 100, 632
Es, pesq, 100, 247
Es, pesq, 100, 630
Es, pesq, 100, 84
Es, pesq, 100, 508
Es, pesq, 100, 234
Es, pesq, 100, 443
Es, pesq, 100, 18
Es, pesq, 100, 21
Es, ins, 200, 1
Es, ins, 200, 1
Es, ins, 200, 1
Es, ins, 200, 1
Es, ins, 200, 1
Es, ins, 200, 1
Es, ins, 200, 1
Es, ins, 200, 1
Es, ins, 200, 1
Es, ins, 200, 1
Es, pesq, 200, 188
Es, pesq, 200, 5
Es, pesq, 200, 2
Es, pesq, 200, 296
Es, pesq, 200, 231
Es, pesq, 200, 128
Es, pesq, 200, 77
Es, pesq, 200, 650
Es, pesq, 200, 440
Es, pesq, 200, 210
Es, ins, 10, 1
Es, ins, 10, 2
Es, ins, 10, 1
Es, ins, 10, 1
Es, ins, 10, 3
Es, ins, 10, 1
Es, ins, 10, 1
Es, ins, 10, 1
Es, ins, 10, 1
Es, ins, 10, 1
Es, pesq, 10, 1
Es, pesq, 10, 1
Es, pesq, 10, 1
Es, pesq, 10, 1
Es, pesq, 10, 1
Es, pesq, 10, 1
Es, pesq, 10, 1
Es, pesq, 10, 1
Es, pesq, 10, 1
Es, pesq, 10, 1
Es, ins, 25, 1
Es, ins, 25, 2
Es, ins, 25, 1
Es, ins, 25, 1
Es, ins, 25, 1
Es, ins, 25, 1
Es, ins, 25, 2
Es, ins, 25, 1
Es, ins, 25, 1
Es, ins, 25, 1
Es, pesq, 25, 1
Es, pesq, 25, 1
Es, pesq, 25, 3
Es, pesq, 25, 2
Es, pesq, 25, 1
Es, pesq, 25, 2
Es, pesq, 25, 2
Es, pesq, 25, 1
Es, pesq, 25, 1
Es, pesq, 25, 1
Es, ins, 75, 24
Es, ins, 75, 6
Es, ins, 75, 1
Es, ins, 75, 1
Es, ins, 75, 2
Es, ins, 75, 20
Es, ins, 75, 1
Es, ins, 75, 2
Es, ins, 75, 1
Es, ins, 75, 14
Es, pesq, 75, 11
Es, pesq, 75, 1
Es, pesq, 75, 6
Es, pesq, 75, 7
Es, pesq, 75, 1
Es, pesq, 75, 10
Es, pesq, 75, 2
Es, pesq, 75, 2
Es, pesq, 75, 29
Es, pesq, 75, 1
Es, ins, 100, 160
Es, ins, 100, 606
Es, ins, 100, 438
Es, ins, 100, 35
Es, ins, 100, 494
Es, ins, 100, 86
Es, ins, 100, 29
Es, ins, 100, 537
Es, ins, 100, 182
Es, ins, 100, 236
Es, pesq, 100, 184
Es, pesq, 100, 321
Es, pesq, 100, 264
Es, pesq, 100, 48
Es, pesq, 100, 600
Es, pesq, 100, 5
Es, pesq, 100, 1
Es, pesq, 100, 109
Es, pesq, 100, 656
Es, pesq, 100, 34
Es, ins, 200, 1
Es, ins, 200, 1
Es, ins, 200, 1
Es, ins, 200, 1
Es, ins, 200, 1
Es, ins, 200, 1
Es, ins, 200, 1
Es, ins, 200, 1
Es, ins, 200, 1
Es, ins, 200, 1
Es, pesq, 200, 38
Es, pesq, 200, 779
Es, pesq, 200, 347
Es, pesq, 200, 691
Es, pesq, 200, 42
Es, pesq, 200, 22
Es, pesq, 200, 391
Es, pesq, 200, 2
Es, pesq, 200, 28
Es, pesq, 200, 761
Es, ins, 10, 1
Es, ins, 10, 1
Es, ins, 10, 1
Es, ins, 10, 1
Es, ins, 10, 1
Es, ins, 10, 1
Es, ins, 10, 1
Es, ins, 10, 1
Es, ins, 10, 1
Es, ins, 10, 1
Es, pesq, 10, 2
Es, pesq, 10, 1
Es, pesq, 10, 1
Es, pesq, 10, 1
Es, pesq, 10, 1
Es, pesq, 10, 1
Es, pesq, 10, 1
Es, pesq, 10, 1
Es, pesq, 10, 1
Es, pesq, 10, 1
Es, ins, 25, 1
Es, ins, 25, 1
Es, ins, 25, 2
Es, ins, 25, 1
Es, ins, 25, 2
Es, ins, 25, 1
Es, ins, 25, 1
Es, ins, 25, 1
Es, ins, 25, 1
Es, ins, 25, 1
Es, pesq, 25, 2
Es, pesq, 25, 1
Es, pesq, 25, 1
Es, pesq, 25, 1
Es, pesq, 25, 1
Es, pesq, 25, 2
Es, pesq, 25, 1
Es, pesq, 25, 1
Es, pesq, 25, 1
Es, pesq, 25, 1
Es, ins, 75, 4
Es, ins, 75, 2
Es, ins, 75, 1
Es, ins, 75, 1
Es, ins, 75, 1
Es, ins, 75, 11
Es, ins, 75, 6
Es, ins, 75, 13
Es, ins, 75, 4
Es, ins, 75, 48
Es, pesq, 75, 1
Es, pesq, 75, 1
Es, pesq, 75, 6
Es, pesq, 75, 5
Es, pesq, 75, 5
Es, pesq, 75, 9
Es, pesq, 75, 23
Es, pesq, 75, 6
Es, pesq, 75, 4
Es, pesq, 75, 20
Es, ins, 100, 61
Es, ins, 100, 103
Es, ins, 100, 5
Es, ins, 100, 281
Es, ins, 100, 99
Es, ins, 100, 9
Es, ins, 100, 3
Es, ins, 100, 81
Es, ins, 100, 11
Es, ins, 100, 260
Es, pesq, 100, 17
Es, pesq, 100, 3
Es, pesq, 100, 181
Es, pesq, 100, 35
Es, pesq, 100, 1
Es, pesq, 100, 33
Es, pesq, 100, 45
Es, pesq, 100, 10
Es, pesq, 100, 53
Es, pesq, 100, 2
Es, ins, 200, 1
Es, ins, 200, 1
Es, ins, 200, 1
Es, ins, 200, 1
Es, ins, 200, 1
Es, ins, 200, 1
Es, ins, 200, 1
Es, ins, 200, 1
Es, ins, 200, 1
Es, ins, 200, 1
Es, pesq, 200, 76
Es, pesq, 200, 201
Es, pesq, 200, 64
Es, pesq, 200, 25
Es, pesq, 200, 464
Es, pesq, 200, 77
Es, pesq, 200, 10
Es, pesq, 200, 460
Es, pesq, 200, 74
Es, pesq, 200, 430
Es, ins, 10, 1
Es, ins, 10, 1
Es, ins, 10, 1
Es, ins, 10, 1
Es, ins, 10, 1
Es, ins, 10, 1
Es, ins, 10, 2
Es, ins, 10, 1
Es, ins, 10, 1
Es, ins, 10, 1
Es, pesq, 10, 1
Es, pesq, 10, 1
Es, pesq, 10, 1
Es, pesq, 10, 1
Es, pesq, 10, 1
Es, pesq, 10, 1
Es, pesq, 10, 1
Es, pesq, 10, 1
Es, pesq, 10, 1
Es, pesq, 10, 1
Es, ins, 25, 1
Es, ins, 25, 6
Es, ins, 25, 2
Es, ins, 25, 1
Es, ins, 25, 1
Es, ins, 25, 1
Es, ins, 25, 1
Es, ins, 25, 1
Es, ins, 25, 1
Es, ins, 25, 1
Es, pesq, 25, 1
Es, pesq, 25, 1
Es, pesq, 25, 1
Es, pesq, 25, 1
Es, pesq, 25, 2
Es, pesq, 25, 1
Es, pesq, 25, 1
Es, pesq, 25, 2
Es, pesq, 25, 1
Es, pesq, 25, 1
Es, ins, 75, 6
Es, ins, 75, 5
Es, ins, 75, 4
Es, ins, 75, 8
Es, ins, 75, 1
Es, ins, 75, 1
Es, ins, 75, 1
Es, ins, 75, 3
Es, ins, 75, 11
Es, ins, 75, 3
Es, pesq, 75, 1
Es, pesq, 75, 16
Es, pesq, 75, 30
Es, pesq, 75, 8
Es, pesq, 75, 2
Es, pesq, 75, 2
Es, pesq, 75, 21
Es, pesq, 75, 3
Es, pesq, 75, 1
Es, pesq, 75, 5
Es, ins, 100, 324
Es, ins, 100, 313
Es, ins, 100, 329
Es, ins, 100, 24
Es, ins, 100, 164
Es, ins, 100, 1
Es, ins, 100, 359
Es, ins, 100, 173
Es, ins, 100, 142
Es, ins, 100, 214
Es, pesq, 100, 80
Es, pesq, 100, 72
Es, pesq, 100, 363
Es, pesq, 100, 105
Es, pesq, 100, 155
Es, pesq, 100, 254
Es, pesq, 100, 334
Es, pesq, 100, 51
Es, pesq, 100, 263
Es, pesq, 100, 20
Es, ins, 200, 1
Es, ins, 200, 1
Es, ins, 200, 1
Es, ins, 200, 1
Es, ins, 200, 1
Es, ins, 200, 1
Es, ins, 200, 1
Es, ins, 200, 1
Es, ins, 200, 1
Es, ins, 200, 1
Es, pesq, 200, 38
Es, pesq, 200, 374
Es, pesq, 200, 425
Es, pesq, 200, 154
Es, pesq, 200, 10
Es, pesq, 200, 1
Es, pesq, 200, 194
Es, pesq, 200, 411
Es, pesq, 200, 318
Es, pesq, 200, 385
Es, ins, 10, 1
Es, ins, 10, 1
Es, ins, 10, 1
Es, ins, 10, 1
Es, ins, 10, 1
Es, ins, 10, 1
Es, ins, 10, 1
Es, ins, 10, 1
Es, ins, 10, 2
Es, ins, 10, 1
Es, pesq, 10, 1
Es, pesq, 10, 1
Es, pesq, 10, 1
Es, pesq, 10, 2
Es, pesq, 10, 1
Es, pesq, 10, 1
Es, pesq, 10, 1
Es, pesq, 10, 1
Es, pesq, 10, 1
Es, pesq, 10, 3
Es, ins, 25, 1
Es, ins, 25, 1
Es, ins, 25, 1
Es, ins, 25, 1
Es, ins, 25, 1
Es, ins, 25, 1
Es, ins, 25, 1
Es, ins, 25, 1
Es, ins, 25, 3
Es, ins, 25, 1
Es, pesq, 25, 1
Es, pesq, 25, 1
Es, pesq, 25, 1
Es, pesq, 25, 1
Es, pesq, 25, 1
Es, pesq, 25, 1
Es, pesq, 25, 1
Es, pesq, 25, 1
Es, pesq, 25, 1
Es, pesq, 25, 1
Es, ins, 75, 8
Es, ins, 75, 1
Es, ins, 75, 9
Es, ins, 75, 2
Es, ins, 75, 16
Es, ins, 75, 9
Es, ins, 75, 7
Es, ins, 75, 4
Es, ins, 75, 3
Es, ins, 75, 4
Es, pesq, 75, 2
Es, pesq, 75, 3
Es, pesq, 75, 23
Es, pesq, 75, 12
Es, pesq, 75, 20
Es, pesq, 75, 4
Es, pesq, 75, 2
Es, pesq, 75, 19
Es, pesq, 75, 11
Es, pesq, 75, 1
Es, ins, 100, 413
Es, ins, 100, 1
Es, ins, 100, 2
Es, ins, 100, 391
Es, ins, 100, 402
Es, ins, 100, 257
Es, ins, 100, 403
Es, ins, 100, 199
Es, ins, 100, 232
Es, ins, 100, 348
Es, pesq, 100, 179
Es, pesq, 100, 597
Es, pesq, 100, 699
Es, pesq, 100, 1
Es, pesq, 100, 695
Es, pesq, 100, 44
Es, pesq, 100, 628
Es, pesq, 100, 755
Es, pesq, 100, 746
Es, pesq, 100, 390
Es, ins, 200, 1
Es, ins, 200, 1
Es, ins, 200, 1
Es, ins, 200, 1
Es, ins, 200, 1
Es, ins, 200, 1
Es, ins, 200, 1
Es, ins, 200, 1
Es, ins, 200, 1
Es, ins, 200, 1
Es, pesq, 200, 17
Es, pesq, 200, 12
Es, pesq, 200, 560
Es, pesq, 200, 340
Es, pesq, 200, 358
Es, pesq, 200, 51
Es, pesq, 200, 428
Es, pesq, 200, 286
Es, pesq, 200, 344
Es, pesq, 200, 697
Es, ins, 10, 1
Es, ins, 10, 2
Es, ins, 10, 1
Es, ins, 10, 1
Es, ins, 10, 1
Es, ins, 10, 1
Es, ins, 10, 1
Es, ins, 10, 1
Es, ins, 10, 1
Es, ins, 10, 1
Es, pesq, 10, 1
Es, pesq, 10, 1
Es, pesq, 10, 1
Es, pesq, 10, 2
Es, pesq, 10, 1
Es, pesq, 10, 2
Es, pesq, 10, 2
Es, pesq, 10, 1
Es, pesq, 10, 1
Es, pesq, 10, 1
Es, ins, 25, 1
Es, ins, 25, 2
Es, ins, 25, 1
Es, ins, 25, 3
Es, ins, 25, 1
Es, ins, 25, 3
Es, ins, 25, 1
Es, ins, 25, 2
Es, ins, 25, 2
Es, ins, 25, 2
Es, pesq, 25, 2
Es, pesq, 25, 1
Es, pesq, 25, 1
Es, pesq, 25, 1
Es, pesq, 25, 1
Es, pesq, 25, 3
Es, pesq, 25, 1
Es, pesq, 25, 1
Es, pesq, 25, 3
Es, pesq, 25, 1
Es, ins, 75, 19
Es, ins, 75, 41
Es, ins, 75, 41
Es, ins, 75, 6
Es, ins, 75, 2
Es, ins, 75, 9
Es, ins, 75, 1
Es, ins, 75, 20
Es, ins, 75, 4
Es, ins, 75, 19
Es, pesq, 75, 1
Es, pesq, 75, 10
Es, pesq, 75, 2
Es, pesq, 75, 12
Es, pesq, 75, 3
Es, pesq, 75, 16
Es, pesq, 75, 8
Es, pesq, 75, 5
Es, pesq, 75, 12
Es, pesq, 75, 9
Es, ins, 100, 151
Es, ins, 100, 216
Es, ins, 100, 225
Es, ins, 100, 199
Es, ins, 100, 34
Es, ins, 100, 203
Es, ins, 100, 53
Es, ins, 100, 238
Es, ins, 100, 387
Es, ins, 100, 348
Es, pesq, 100, 181
Es, pesq, 100, 428
Es, pesq, 100, 316
Es, pesq, 100, 445
Es, pesq, 100, 183
Es, pesq, 100, 5
Es, pesq, 100, 164
Es, pesq, 100, 97
Es, pesq, 100, 9
Es, pesq, 100, 1
Es, ins, 200, 1
Es, ins, 200, 1
Es, ins, 200, 1
Es, ins, 200, 1
Es, ins, 200, 1
Es, ins, 200, 1
Es, ins, 200, 1
Es, ins, 200, 1
Es, ins, 200, 1
Es, ins, 200, 1
Es, pesq, 200, 181
Es, pesq, 200, 161
Es, pesq, 200, 215
Es, pesq, 200, 170
Es, pesq, 200, 213
Es, pesq, 200, 419
Es, pesq, 200, 385
Es, pesq, 200, 666
Es, pesq, 200, 27
Es, pesq, 200, 2
Es, ins, 10, 1
Es, ins, 10, 1
Es, ins, 10, 1
Es, ins, 10, 1
Es, ins, 10, 1
Es, ins, 10, 1
Es, ins, 10, 1
Es, ins, 10, 1
Es, ins, 10, 1
Es, ins, 10, 1
Es, pesq, 10, 2
Es, pesq, 10, 1
Es, pesq, 10, 1
Es, pesq, 10, 1
Es, pesq, 10, 1
Es, pesq, 10, 1
Es, pesq, 10, 1
Es, pesq, 10, 1
Es, pesq, 10, 2
Es, pesq, 10, 1
Es, ins, 25, 2
Es, ins, 25, 1
Es, ins, 25, 1
Es, ins, 25, 3
Es, ins, 25, 1
Es, ins, 25, 1
Es, ins, 25, 1
Es, ins, 25, 2
Es, ins, 25, 2
Es, ins, 25, 2
Es, pesq, 25, 1
Es, pesq, 25, 1
Es, pesq, 25, 1
Es, pesq, 25, 5
Es, pesq, 25, 1
Es, pesq, 25, 1
Es, pesq, 25, 2
Es, pesq, 25, 2
Es, pesq, 25, 1
Es, pesq, 25, 1
Es, ins, 75, 17
Es, ins, 75, 21
Es, ins, 75, 13
Es, ins, 75, 11
Es, ins, 75, 2
Es, ins, 75, 2
Es, ins, 75, 2
Es, ins, 75, 9
Es, ins, 75, 1
Es, ins, 75, 32
Es, pesq, 75, 2
Es, pesq, 75, 3
Es, pesq, 75, 1
Es, pesq, 75, 8
Es, pesq, 75, 1
Es, pesq, 75, 9
Es, pesq, 75, 1
Es, pesq, 75, 2
Es, pesq, 75, 7
Es, pesq, 75, 26
Es, ins, 100, 114
Es, ins, 100, 9
Es, ins, 100, 10
Es, ins, 100, 5
Es, ins, 100, 321
Es, ins, 100, 1
Es, ins, 100, 282
Es, ins, 100, 156
Es, ins, 100, 7
Es, ins, 100, 208
Es, pesq, 100, 73
Es, pesq, 100, 91
Es, pesq, 100, 207
Es, pesq, 100, 25
Es, pesq, 100, 189
Es, pesq, 100, 228
Es, pesq, 100, 169
Es, pesq, 100, 273
Es, pesq, 100, 4
Es, pesq, 100, 99
Es, ins, 10, 1
Es, ins, 10, 1
Es, ins, 10, 1
Es, ins, 10, 1
Es, ins, 10, 1
Es, ins, 10, 1
Es, ins, 10, 1
Es, ins, 10, 1
Es, ins, 10, 1
Es, ins, 10, 1
Es, pesq, 10, 1
Es, pesq, 10, 1
Es, pesq, 10, 1
Es, pesq, 10, 1
Es, pesq, 10, 1
Es, pesq, 10, 1
Es, pesq, 10, 1
Es, pesq, 10, 1
Es, pesq, 10, 1
Es, pesq, 10, 1
Es, ins, 25, 1
Es, ins, 25, 1
Es, ins, 25, 2
Es, ins, 25, 1
Es, ins, 25, 1
Es, ins, 25, 1
Es, ins, 25, 1
Es, ins, 25, 3
Es, ins, 25, 1
Es, ins, 25, 2
Es, pesq, 25, 2
Es, pesq, 25, 1
Es, pesq, 25, 3
Es, pesq, 25, 1
Es, pesq, 25, 2
Es, pesq, 25, 3
Es, pesq, 25, 1
Es, pesq, 25, 2
Es, pesq, 25, 1
Es, pesq, 25, 1
Es, ins, 75, 3
Es, ins, 75, 1
Es, ins, 75, 1
Es, ins, 75, 28
Es, ins, 75, 6
Es, ins, 75, 4
Es, ins, 75, 1
Es, ins, 75, 2
Es, ins, 75, 1
Es, ins, 75, 1
Es, pesq, 75, 1
Es, pesq, 75, 1
Es, pesq, 75, 1
Es, pesq, 75, 11
Es, pesq, 75, 1
Es, pesq, 75, 3
Es, pesq, 75, 4
Es, pesq, 75, 3
Es, pesq, 75, 1
Es, pesq, 75, 3
Es, ins, 100, 14
Es, ins, 100, 8
Es, ins, 100, 23
Es, ins, 100, 259
Es, ins, 100, 51
Es, ins, 100, 536
Es, ins, 100, 372
Es, ins, 100, 2
Es, ins, 100, 165
Es, ins, 100, 139
Es, pesq, 100, 40
Es, pesq, 100, 387
Es, pesq, 100, 276
Es, pesq, 100, 10
Es, pesq, 100, 20
Es, pesq, 100, 11
Es, pesq, 100, 282
Es, pesq, 100, 223
Es, pesq, 100, 40
Es, pesq, 100, 9
Es, ins, 200, 1
Es, ins, 200, 1
Es, ins, 200, 1
Es, ins, 200, 1
Es, ins, 200, 1
Es, ins, 200, 1
Es, ins, 200, 1
Es, ins, 200, 1
Es, ins, 200, 1
Es, ins, 200, 1
Es, pesq, 200, 148
Es, pesq, 200, 341
Es, pesq, 200, 112
Es, pesq, 200, 64
Es, pesq, 200, 84
Es, pesq, 200, 55
Es, pesq, 200, 160
Es, pesq, 200, 424
Es, pesq, 200, 473
Es, pesq, 200, 386
Es, ins, 10, 1
Es, ins, 10, 1
Es, ins, 10, 1
Es, ins, 10, 1
Es, ins, 10, 1
Es, ins, 10, 1
Es, ins, 10, 1
Es, ins, 10, 1
Es, ins, 10, 1
Es, ins, 10, 2
Es, pesq, 10, 1
Es, pesq, 10, 1
Es, pesq, 10, 1
Es, pesq, 10, 1
Es, pesq, 10, 1
Es, pesq, 10, 2
Es, pesq, 10, 1
Es, pesq, 10, 3
Es, pesq, 10, 1
Es, pesq, 10, 1
Es, ins, 25, 1
Es, ins, 25, 1
Es, ins, 25, 1
Es, ins, 25, 1
Es, ins, 25, 2
Es, ins, 25, 1
Es, ins, 25, 2
Es, ins, 25, 1
Es, ins, 25, 1
Es, ins, 25, 1
Es, pesq, 25, 1
Es, pesq, 25, 1
Es, pesq, 25, 2
Es, pesq, 25, 1
Es, pesq, 25, 1
Es, pesq, 25, 1
Es, pesq, 25, 2
Es, pesq, 25, 1
Es, pesq, 25, 1
Es, pesq, 25, 2
Es, ins, 75, 2
Es, ins, 75, 6
Es, ins, 75, 14
Es, ins, 75, 2
Es, ins, 75, 2
Es, ins, 75, 1
Es, ins, 75, 4
Es, ins, 75, 19
Es, ins, 75, 37
Es, ins, 75, 11
Es, pesq, 75, 5
Es, pesq, 75, 3
Es, pesq, 75, 3
Es, pesq, 75, 10
Es, pesq, 75, 6
Es, pesq, 75, 1
Es, pesq, 75, 3
Es, pesq, 75, 1
Es, pesq, 75, 41
Es, pesq, 75, 1
Es, ins, 100, 236
Es, ins, 100, 1
Es, ins, 100, 65
Es, ins, 100, 302
Es, ins, 100, 158
Es, ins, 100, 331
Es, ins, 100, 420
Es, ins, 100, 218
Es, ins, 100, 141
Es, ins, 100, 64
Es, pesq, 100, 312
Es, pesq, 100, 10
Es, pesq, 100, 634
Es, pesq, 100, 588
Es, pesq, 100, 20
Es, pesq, 100, 102
Es, pesq, 100, 238
Es, pesq, 100, 589
Es, pesq, 100, 22
Es, pesq, 100, 110
Es, ins, 10, 1
Es, ins, 10, 1
Es, ins, 10, 1
Es, ins, 10, 1
Es, ins, 10, 1
Es, ins, 10, 1
Es, ins, 10, 1
Es, ins, 10, 1
Es, ins, 10, 1
Es, ins, 10, 1
Es, pesq, 10, 1
Es, pesq, 10, 1
Es, pesq, 10, 1
Es, pesq, 10, 1
Es, pesq, 10, 1
Es, pesq, 10, 1
Es, pesq, 10, 1
Es, pesq, 10, 1
Es, pesq, 10, 1
Es, pesq, 10, 1
Es, ins, 25, 1
Es, ins, 25, 1
Es, ins, 25, 1
Es, ins, 25, 1
Es, ins, 25, 1
Es, ins, 25, 1
Es, ins, 25, 2
Es, ins, 25, 1
Es, ins, 25, 1
Es, ins, 25, 1
Es, pesq, 25, 1
Es, pesq, 25, 1
Es, pesq, 25, 1
Es, pesq, 25, 2
Es, pesq, 25, 2
Es, pesq, 25, 1
Es, pesq, 25, 1
Es, pesq, 25, 2
Es, pesq, 25, 1
Es, pesq, 25, 1
Es, ins, 75, 1
Es, ins, 75, 54
Es, ins, 75, 1
Es, ins, 75, 10
Es, ins, 75, 7
Es, ins, 75, 2
Es, ins, 75, 1
Es, ins, 75, 1
Es, ins, 75, 7
Es, ins, 75, 3
Es, pesq, 75, 1
Es, pesq, 75, 19
Es, pesq, 75, 1
Es, pesq, 75, 2
Es, pesq, 75, 1
Es, pesq, 75, 6
Es, pesq, 75, 1
Es, pesq, 75, 1
Es, pesq, 75, 21
Es, pesq, 75, 4
Es, ins, 100, 371
Es, ins, 100, 6
Es, ins, 100, 681
Es, ins, 100, 667
Es, ins, 100, 253
Es, ins, 100, 177
Es, ins, 100, 1
Es, ins, 100, 152
Es, ins, 100, 666
Es, ins, 100, 230
Es, pesq, 100, 9
Es, pesq, 100, 316
Es, pesq, 100, 15
Es, pesq, 100, 73
Es, pesq, 100, 14
Es, pesq, 100, 1
Es, pesq, 100, 28
Es, pesq, 100, 241
Es, pesq, 100, 539
Es, pesq, 100, 79
Es, ins, 200, 1
Es, ins, 200, 1
Es, ins, 200, 1
Es, ins, 200, 1
Es, ins, 200, 1
Es, ins, 200, 1
Es, ins, 200, 1
Es, ins, 200, 1
Es, ins, 200, 1
Es, ins, 200, 1
Es, pesq, 200, 21
Es, pesq, 200, 331
Es, pesq, 200, 202
Es, pesq, 200, 4
Es, pesq, 200, 3
Es, pesq, 200, 479
Es, pesq, 200, 76
Es, pesq, 200, 380
Es, pesq, 200, 100
Es, pesq, 200, 427
Es, ins, 10, 1
Es, ins, 10, 1
Es, ins, 10, 1
Es, ins, 10, 1
Es, ins, 10, 1
Es, ins, 10, 1
Es, ins, 10, 1
Es, ins, 10, 1
Es, ins, 10, 1
Es, ins, 10, 1
Es, pesq, 10, 1
Es, pesq, 10, 1
Es, pesq, 10, 1
Es, pesq, 10, 1
Es, pesq, 10, 1
Es, pesq, 10, 1
Es, pesq, 10, 1
Es, pesq, 10, 1
Es, pesq, 10, 1
Es, pesq, 10, 1
Es, ins, 25, 1
Es, ins, 25, 1
Es, ins, 25, 1
Es, ins, 25, 3
Es, ins, 25, 1
Es, ins, 25, 2
Es, ins, 25, 1
Es, ins, 25, 1
Es, ins, 25, 1
Es, ins, 25, 1
Es, pesq, 25, 2
Es, pesq, 25, 1
Es, pesq, 25, 1
Es, pesq, 25, 1
Es, pesq, 25, 1
Es, pesq, 25, 1
Es, pesq, 25, 1
Es, pesq, 25, 1
Es, pesq, 25, 1
Es, pesq, 25, 1
Es, ins, 75, 1
Es, ins, 75, 42
Es, ins, 75, 8
Es, ins, 75, 2
Es, ins, 75, 1
Es, ins, 75, 1
Es, ins, 75, 22
Es, ins, 75, 7
Es, ins, 75, 3
Es, ins, 75, 27
Es, pesq, 75, 3
Es, pesq, 75, 1
Es, pesq, 75, 3
Es, pesq, 75, 1
Es, pesq, 75, 15
Es, pesq, 75, 8
Es, pesq, 75, 1
Es, pesq, 75, 1
Es, pesq, 75, 13
Es, pesq, 75, 2
Es, ins, 100, 5
Es, ins, 100, 293
Es, ins, 100, 345
Es, ins, 100, 222
Es, ins, 100, 5
Es, ins, 100, 253
Es, ins, 100, 328
Es, ins, 100, 319
Es, ins, 100, 167
Es, ins, 100, 281
Es, pesq, 100, 58
Es, pesq, 100, 38
Es, pesq, 100, 45
Es, pesq, 100, 116
Es, pesq, 100, 16
Es, pesq, 100, 88
Es, pesq, 100, 193
Es, pesq, 100, 7
Es, pesq, 100, 246
Es, pesq, 100, 1
Es, ins, 200, 694
Es, ins, 200, 220
Es, ins, 200, 38
Es, ins, 200, 592
Es, ins, 200, 553
Es, ins, 200, 862
Es, ins, 200, 766
Es, ins, 200, 30
Es, ins, 200, 538
Es, ins, 200, 391
Es, pesq, 200, 1
Es, pesq, 200, 859
Es, pesq, 200, 851
Es, pesq, 200, 64
Es, pesq, 200, 994
Es, pesq, 200, 795
Es, pesq, 200, 115
Es, pesq, 200, 792
Es, pesq, 200, 489
Es, pesq, 200, 305
Es, ins, 10, 1
Es, ins, 10, 1
Es, ins, 10, 4
Es, ins, 10, 2
Es, ins, 10, 1
Es, ins, 10, 1
Es, ins, 10, 1
Es, ins, 10, 1
Es, ins, 10, 1
Es, ins, 10, 1
Es, pesq, 10, 1
Es, pesq, 10, 1
Es, pesq, 10, 1
Es, pesq, 10, 1
Es, pesq, 10, 1
Es, pesq, 10, 1
Es, pesq, 10, 1
Es, pesq, 10, 1
Es, pesq, 10, 1
Es, pesq, 10, 1
Es, ins, 25, 2
Es, ins, 25, 1
Es, ins, 25, 1
Es, ins, 25, 3
Es, ins, 25, 2
Es, ins, 25, 1
Es, ins, 25, 1
Es, ins, 25, 1
Es, ins, 25, 1
Es, ins, 25, 1
Es, pesq, 25, 1
Es, pesq, 25, 1
Es, pesq, 25, 1
Es, pesq, 25, 1
Es, pesq, 25, 1
Es, pesq, 25, 2
Es, pesq, 25, 1
Es, pesq, 25, 2
Es, pesq, 25, 1
Es, pesq, 25, 1
Es, ins, 75, 3
Es, ins, 75, 13
Es, ins, 75, 3
Es, ins, 75, 1
Es, ins, 75, 10
Es, ins, 75, 7
Es, ins, 75, 3
Es, ins, 75, 9
Es, ins, 75, 29
Es, ins, 75, 6
Es, pesq, 75, 1
Es, pesq, 75, 2
Es, pesq, 75, 1
Es, pesq, 75, 3
Es, pesq, 75, 13
Es, pesq, 75, 1
Es, pesq, 75, 2
Es, pesq, 75, 4
Es, pesq, 75, 1
Es, pesq, 75, 8
Es, ins, 100, 213
Es, ins, 100, 315
Es, ins, 100, 272
Es, ins, 100, 260
Es, ins, 100, 270
Es, ins, 100, 58
Es, ins, 100, 293
Es, ins, 100, 422
Es, ins, 100, 273
Es, ins, 100, 37
Es, pesq, 100, 187
Es, pesq, 100, 286
Es, pesq, 100, 277
Es, pesq, 100, 292
Es, pesq, 100, 61
Es, pesq, 100, 354
Es, pesq, 100, 398
Es, pesq, 100, 214
Es, pesq, 100, 307
Es, pesq, 100, 223
Es, ins, 200, 1
Es, ins, 200, 1
Es, ins, 200, 1
Es, ins, 200, 1
Es, ins, 200, 1
Es, ins, 200, 1
Es, ins, 200, 1
Es, ins, 200, 1
Es, ins, 200, 1
Es, ins, 200, 1
Es, pesq, 200, 820
Es, pesq, 200, 471
Es, pesq, 200, 725
Es, pesq, 200, 263
Es, pesq, 200, 48
Es, pesq, 200, 1
Es, pesq, 200, 76
Es, pesq, 200, 988
Es, pesq, 200, 561
Es, pesq, 200, 753
Es, ins, 10, 1
Es, ins, 10, 1
Es, ins, 10, 1
Es, ins, 10, 1
Es, ins, 10, 1
Es, ins, 10, 1
Es, ins, 10, 1
Es, ins, 10, 2
Es, ins, 10, 1
Es, ins, 10, 1
Es, pesq, 10, 1
Es, pesq, 10, 2
Es, pesq, 10, 1
Es, pesq, 10, 1
Es, pesq, 10, 1
Es, pesq, 10, 1
Es, pesq, 10, 1
Es, pesq, 10, 2
Es, pesq, 10, 1
Es, pesq, 10, 1
Es, ins, 25, 1
Es, ins, 25, 1
Es, ins, 25, 2
Es, ins, 25, 1
Es, ins, 25, 1
Es, ins, 25, 1
Es, ins, 25, 1
Es, ins, 25, 1
Es, ins, 25, 1
Es, ins, 25, 1
Es, pesq, 25, 2
Es, pesq, 25, 1
Es, pesq, 25, 1
Es, pesq, 25, 1
Es, pesq, 25, 1
Es, pesq, 25, 1
Es, pesq, 25, 1
Es, pesq, 25, 1
Es, pesq, 25, 2
Es, pesq, 25, 1
Es, ins, 75, 4
Es, ins, 75, 6
Es, ins, 75, 1
Es, ins, 75, 9
Es, ins, 75, 13
Es, ins, 75, 8
Es, ins, 75, 9
Es, ins, 75, 2
Es, ins, 75, 1
Es, ins, 75, 6
Es, pesq, 75, 8
Es, pesq, 75, 35
Es, pesq, 75, 23
Es, pesq, 75, 2
Es, pesq, 75, 2
Es, pesq, 75, 5
Es, pesq, 75, 2
Es, pesq, 75, 2
Es, pesq, 75, 9
Es, pesq, 75, 15
Es, ins, 100, 131
Es, ins, 100, 285
Es, ins, 100, 92
Es, ins, 100, 63
Es, ins, 100, 250
Es, ins, 100, 33
Es, ins, 100, 238
Es, ins, 100, 121
Es, ins, 100, 263
Es, ins, 100, 1
Es, pesq, 100, 44
Es, pesq, 100, 292
Es, pesq, 100, 22
Es, pesq, 100, 146
Es, pesq, 100, 68
Es, pesq, 100, 140
Es, pesq, 100, 362
Es, pesq, 100, 127
Es, pesq, 100, 67
Es, pesq, 100, 39
Es, ins, 200, 1
Es, ins, 200, 1
Es, ins, 200, 1
Es, ins, 200, 1
Es, ins, 200, 1
Es, ins, 200, 1
Es, ins, 200, 1
Es, ins, 200, 1
Es, ins, 200, 1
Es, ins, 200, 1
Es, pesq, 200, 906
Es, pesq, 200, 308
Es, pesq, 200, 270
Es, pesq, 200, 106
Es, pesq, 200, 518
Es, pesq, 200, 410
Es, pesq, 200, 679
Es, pesq, 200, 651
Es, pesq, 200, 724
Es, pesq, 200, 975
Es, ins, 10, 2
Es, ins, 10, 1
Es, ins, 10, 1
Es, ins, 10, 1
Es, ins, 10, 1
Es, ins, 10, 1
Es, ins, 10, 1
Es, ins, 10, 1
Es, ins, 10, 1
Es, ins, 10, 1
Es, pesq, 10, 1
Es, pesq, 10, 1
Es, pesq, 10, 1
Es, pesq, 10, 1
Es, pesq, 10, 2
Es, pesq, 10, 1
Es, pesq, 10, 5
Es, pesq, 10, 1
Es, pesq, 10, 1
Es, pesq, 10, 1
Es, ins, 25, 1
Es, ins, 25, 1
Es, ins, 25, 3
Es, ins, 25, 1
Es, ins, 25, 1
Es, ins, 25, 1
Es, ins, 25, 1
Es, ins, 25, 1
Es, ins, 25, 1
Es, ins, 25, 1
Es, pesq, 25, 4
Es, pesq, 25, 3
Es, pesq, 25, 1
Es, pesq, 25, 2
Es, pesq, 25, 1
Es, pesq, 25, 1
Es, pesq, 25, 3
Es, pesq, 25, 1
Es, pesq, 25, 2
Es, pesq, 25, 1
Es, ins, 75, 1
Es, ins, 75, 1
Es, ins, 75, 3
Es, ins, 75, 7
Es, ins, 75, 1
Es, ins, 75, 15
Es, ins, 75, 8
Es, ins, 75, 17
Es, ins, 75, 1
Es, ins, 75, 22
Es, pesq, 75, 3
Es, pesq, 75, 1
Es, pesq, 75, 1
Es, pesq, 75, 4
Es, pesq, 75, 2
Es, pesq, 75, 8
Es, pesq, 75, 1
Es, pesq, 75, 1
Es, pesq, 75, 1
Es, pesq, 75, 2
Es, ins, 100, 378
Es, ins, 100, 68
Es, ins, 100, 575
Es, ins, 100, 318
Es, ins, 100, 120
Es, ins, 100, 436
Es, ins, 100, 2
Es, ins, 100, 339
Es, ins, 100, 74
Es, ins, 100, 372
Es, ins, 10, 1
Es, ins, 10, 1
Es, ins, 10, 1
Es, ins, 10, 1
Es, ins, 10, 1
Es, ins, 10, 1
Es, ins, 10, 1
Es, ins, 10, 1
Es, ins, 10, 2
Es, ins, 10, 1
Es, pesq, 10, 1
Es, pesq, 10, 2
Es, pesq, 10, 1
Es, pesq, 10, 1
Es, pesq, 10, 1
Es, pesq, 10, 1
Es, pesq, 10, 1
Es, pesq, 10, 1
Es, pesq, 10, 1
Es, pesq, 10, 2
Es, ins, 25, 1
Es, ins, 25, 1
Es, ins, 25, 2
Es, ins, 25, 1
Es, ins, 25, 1
Es, ins, 25, 1
Es, ins, 25, 2
Es, ins, 25, 3
Es, ins, 25, 1
Es, ins, 25, 1
Es, pesq, 25, 1
Es, pesq, 25, 3
Es, pesq, 25, 1
Es, pesq, 25, 2
Es, pesq, 25, 1
Es, pesq, 25, 3
Es, pesq, 25, 1
Es, pesq, 25, 2
Es, pesq, 25, 1
Es, pesq, 25, 1
Es, ins, 75, 18
Es, ins, 75, 42
Es, ins, 75, 5
Es, ins, 75, 1
Es, ins, 75, 2
Es, ins, 75, 1
Es, ins, 75, 1
Es, ins, 75, 3
Es, ins, 75, 1
Es, ins, 75, 3
Es, pesq, 75, 8
Es, pesq, 75, 1
Es, pesq, 75, 16
Es, pesq, 75, 1
Es, pesq, 75, 3
Es, pesq, 75, 19
Es, pesq, 75, 4
Es, pesq, 75, 7
Es, pesq, 75, 1
Es, pesq, 75, 1
Es, ins, 100, 90
Es, ins, 100, 146
Es, ins, 100, 55
Es, ins, 100, 108
Es, ins, 100, 92
Es, ins, 100, 191
Es, ins, 100, 60
Es, ins, 100, 34
Es, ins, 100, 148
Es, ins, 100, 302
Es, pesq, 100, 334
Es, pesq, 100, 119
Es, pesq, 100, 21
Es, pesq, 100, 283
Es, pesq, 100, 21
Es, pesq, 100, 201
Es, pesq, 100, 297
Es, pesq, 100, 364
Es, pesq, 100, 366
Es, pesq, 100, 38
Es, ins, 200, 1
Es, ins, 200, 1
Es, ins, 200, 1
Es, ins, 200, 1
Es, ins, 200, 1
Es, ins, 200, 1
Es, ins, 200, 1
Es, ins, 200, 1
Es, ins, 200, 1
Es, ins, 200, 1
Es, pesq, 200, 645
Es, pesq, 200, 875
Es, pesq, 200, 892
Es, pesq, 200, 204
Es, pesq, 200, 735
Es, pesq, 200, 91
Es, pesq, 200, 432
Es, pesq, 200, 403
Es, pesq, 200, 705
Es, pesq, 200, 907
Es, ins, 10, 1
Es, ins, 10, 1
Es, ins, 10, 1
Es, ins, 10, 1
Es, ins, 10, 1
Es, ins, 10, 1
Es, ins, 10, 1
Es, ins, 10, 1
Es, ins, 10, 2
Es, ins, 10, 1
Es, pesq, 10, 1
Es, pesq, 10, 1
Es, pesq, 10, 1
Es, pesq, 10, 1
Es, pesq, 10, 1
Es, pesq, 10, 1
Es, pesq, 10, 1
Es, pesq, 10, 1
Es, pesq, 10, 1
Es, pesq, 10, 1
Es, ins, 25, 1
Es, ins, 25, 1
Es, ins, 25, 1
Es, ins, 25, 1
Es, ins, 25, 1
Es, ins, 25, 1
Es, ins, 25, 2
Es, ins, 25, 1
Es, ins, 25, 1
Es, ins, 25, 1
Es, pesq, 25, 1
Es, pesq, 25, 1
Es, pesq, 25, 1
Es, pesq, 25, 1
Es, pesq, 25, 1
Es, pesq, 25, 1
Es, pesq, 25, 1
Es, pesq, 25, 1
Es, pesq, 25, 1
Es, pesq, 25, 1
Es, ins, 75, 1
Es, ins, 75, 1
Es, ins, 75, 16
Es, ins, 75, 1
Es, ins, 75, 1
Es, ins, 75, 1
Es, ins, 75, 12
Es, ins, 75, 2
Es, ins, 75, 2
Es, ins, 75, 3
Es, pesq, 75, 1
Es, pesq, 75, 1
Es, pesq, 75, 1
Es, pesq, 75, 1
Es, pesq, 75, 1
Es, pesq, 75, 1
Es, pesq, 75, 1
Es, pesq, 75, 1
Es, pesq, 75, 1
Es, pesq, 75, 1
Es, ins, 100, 122
Es, ins, 100, 1
Es, ins, 100, 1
Es, ins, 100, 15
Es, ins, 100, 76
Es, ins, 100, 260
Es, ins, 100, 30
Es, ins, 100, 424
Es, ins, 100, 73
Es, ins, 100, 302
Es, pesq, 100, 1
Es, pesq, 100, 1
Es, pesq, 100, 1
Es, pesq, 100, 1
Es, pesq, 100, 1
Es, pesq, 100, 1
Es, pesq, 100, 1
Es, pesq, 100, 1
Es, pesq, 100, 1
Es, pesq, 100, 1
Es, ins, 200, 1
Es, ins, 200, 1
Es, ins, 200, 1
Es, ins, 200, 1
Es, ins, 200, 1
Es, ins, 200, 1
Es, ins, 200, 1
Es, ins, 200, 1
Es, ins, 200, 1
Es, ins, 200, 1
Es, pesq, 200, 24
Es, pesq, 200, 29
Es, pesq, 200, 278
Es, pesq, 200, 390
Es, pesq, 200, 68
Es, ins, 10, 1
Es, ins, 10, 1
Es, ins, 10, 1
Es, ins, 10, 1
Es, ins, 10, 1
Es, ins, 10, 1
Es, ins, 10, 1
Es, ins, 10, 1
Es, ins, 10, 1
Es, ins, 10, 1
Es, pesq, 10, 1
Es, pesq, 10, 1
Es, pesq, 10, 1
Es, pesq, 10, 1
Es, pesq, 10, 2
Es, pesq, 10, 1
Es, pesq, 10, 1
Es, pesq, 10, 1
Es, pesq, 10, 2
Es, pesq, 10, 1
Es, ins, 25, 2
Es, ins, 25, 3
Es, ins, 25, 1
Es, ins, 25, 1
Es, ins, 25, 1
Es, ins, 25, 2
Es, ins, 25, 3
Es, ins, 25, 1
Es, ins, 25, 1
Es, ins, 25, 2
Es, pesq, 25, 3
Es, pesq, 25, 3
Es, pesq, 25, 1
Es, pesq, 25, 1
Es, pesq, 25, 2
Es, pesq, 25, 1
Es, pesq, 25, 1
Es, pesq, 25, 1
Es, pesq, 25, 1
Es, pesq, 25, 1
Es, ins, 75, 5
Es, ins, 75, 18
Es, ins, 75, 1
Es, ins, 75, 4
Es, ins, 75, 4
Es, ins, 75, 1
Es, ins, 75, 22
Es, ins, 75, 2
Es, ins, 75, 1
Es, ins, 75, 3
Es, pesq, 75, 1
Es, pesq, 75, 6
Es, pesq, 75, 2
Es, pesq, 75, 7
Es, pesq, 75, 17
Es, pesq, 75, 10
Es, pesq, 75, 1
Es, pesq, 75, 10
Es, pesq, 75, 1
Es, pesq, 75, 1
Es, ins, 100, 80
Es, ins, 100, 21
Es, ins, 100, 195
Es, ins, 100, 83
Es, ins, 100, 94
Es, ins, 100, 70
Es, ins, 100, 16
Es, ins, 100, 259
Es, ins, 100, 49
Es, ins, 100, 135
Es, pesq, 100, 89
Es, pesq, 100, 141
Es, pesq, 100, 164
Es, pesq, 100, 2
Es, pesq, 100, 1
Es, pesq, 100, 115
Es, pesq, 100, 25
Es, pesq, 100, 10
Es, pesq, 100, 138
Es, pesq, 100, 8
Es, ins, 200, 389
Es, ins, 200, 265
Es, ins, 200, 40
Es, ins, 200, 8
Es, ins, 200, 951
Es, ins, 200, 770
Es, ins, 200, 41
Es, ins, 200, 858
Es, ins, 200, 220
Es, ins, 200, 519
Es, pesq, 200, 698
Es, pesq, 200, 789
Es, pesq, 200, 709
Es, pesq, 200, 846
Es, pesq, 200, 857
Es, pesq, 200, 461
Es, pesq, 200, 432
Es, pesq, 200, 545
Es, pesq, 200, 293
Es, pesq, 200, 217
